<?xml version="1.0" encoding="UTF-8"?>
<project name="jakubiak-red5-flash-publisher" default="all">
  
  
  <property file="jakubiak-red5-flash-publisher.properties"/>
  <!-- Uncomment the following property if no tests compilation is needed -->
  <!-- 
  <property name="skip.tests" value="true"/>
   -->
  
  <!-- Compiler options -->
  
  <property name="compiler.debug" value="on"/>
  <property name="compiler.generate.no.warnings" value="off"/>
  <property name="compiler.args" value=""/>
  <property name="compiler.max.memory" value="128m"/>
  <patternset id="ignored.files">
    <exclude name="**/CVS/**"/>
    <exclude name="**/SCCS/**"/>
    <exclude name="**/RCS/**"/>
    <exclude name="**/rcs/**"/>
    <exclude name="**/.DS_Store/**"/>
    <exclude name="**/.svn/**"/>
    <exclude name="**/.pyc/**"/>
    <exclude name="**/.pyo/**"/>
    <exclude name="**/*.pyc/**"/>
    <exclude name="**/*.pyo/**"/>
    <exclude name="**/.git/**"/>
    <exclude name="**/*.hprof/**"/>
    <exclude name="**/_svn/**"/>
    <exclude name="**/.hg/**"/>
    <exclude name="**/*.lib/**"/>
    <exclude name="**/*~/**"/>
  </patternset>
  <patternset id="library.patterns">
    <include name="*.war"/>
    <include name="*.ear"/>
    <include name="*.zip"/>
    <include name="*.swc"/>
    <include name="*.egg"/>
    <include name="*.jar"/>
  </patternset>
  <patternset id="compiler.resources">
    <include name="**/?*.properties"/>
    <include name="**/?*.xml"/>
    <include name="**/?*.gif"/>
    <include name="**/?*.png"/>
    <include name="**/?*.jpeg"/>
    <include name="**/?*.jpg"/>
    <include name="**/?*.html"/>
    <include name="**/?*.dtd"/>
    <include name="**/?*.tld"/>
    <include name="**/?*.ftl"/>
  </patternset>
  
  <!-- JDK definitions -->
  
  <property name="project.jdk.home" value=""/>
  <property name="project.jdk.bin" value=""/>
  <property name="project.jdk.classpath" value=""/>
  
  
  <!-- Project Libraries -->
  
  <path id="library.maven:_com.adobe.cairngorm:cairngorm-bin:swc:2.2.1.classpath">
    <pathelement location="${path.variable.maven_repository}/com/adobe/cairngorm/cairngorm-bin/2.2.1/cairngorm-bin-2.2.1.swc"/>
  </path>
  
  <path id="library.maven:_com.adobe.flex.framework:flex:swc:3.5.0.12683.classpath">
    <pathelement location="${path.variable.maven_repository}/com/adobe/flex/framework/flex/3.5.0.12683/flex-3.5.0.12683.swc"/>
  </path>
  
  <path id="library.maven:_com.adobe.flex.framework:framework:rb.swc:3.5.0.12683.classpath">
    <pathelement location="${path.variable.maven_repository}/com/adobe/flex/framework/framework/3.5.0.12683/framework-3.5.0.12683-en_US.rb.swc"/>
  </path>
  
  <path id="library.maven:_com.adobe.flex.framework:framework:swc:3.5.0.12683.classpath">
    <pathelement location="${path.variable.maven_repository}/com/adobe/flex/framework/framework/3.5.0.12683/framework-3.5.0.12683.swc"/>
  </path>
  
  <path id="library.maven:_com.adobe.flex.framework:playerglobal:swc:9:3.5.0.12683.classpath">
    <pathelement location="${path.variable.maven_repository}/com/adobe/flex/framework/playerglobal/3.5.0.12683/playerglobal-3.5.0.12683-9.swc"/>
  </path>
  
  <path id="library.maven:_com.adobe.flex.framework:rpc:rb.swc:3.5.0.12683.classpath">
    <pathelement location="${path.variable.maven_repository}/com/adobe/flex/framework/rpc/3.5.0.12683/rpc-3.5.0.12683-en_US.rb.swc"/>
  </path>
  
  <path id="library.maven:_com.adobe.flex.framework:rpc:swc:3.5.0.12683.classpath">
    <pathelement location="${path.variable.maven_repository}/com/adobe/flex/framework/rpc/3.5.0.12683/rpc-3.5.0.12683.swc"/>
  </path>
  
  <path id="library.maven:_com.adobe.flex.framework:utilities:swc:3.5.0.12683.classpath">
    <pathelement location="${path.variable.maven_repository}/com/adobe/flex/framework/utilities/3.5.0.12683/utilities-3.5.0.12683.swc"/>
  </path>
  
  
  <!-- Application Server Libraries -->
  <!-- Register Custom Compiler Taskdefs -->
  <property name="javac2.home" value="${idea.home}/lib"/>
  <path id="javac2.classpath">
    <pathelement location="${javac2.home}/javac2.jar"/>
    <pathelement location="${javac2.home}/jdom.jar"/>
    <pathelement location="${javac2.home}/asm.jar"/>
    <pathelement location="${javac2.home}/asm-commons.jar"/>
    <pathelement location="${javac2.home}/jgoodies-forms.jar"/>
  </path>
  <target name="register.custom.compilers">
    <taskdef name="javac2" classname="com.intellij.ant.Javac2" classpathref="javac2.classpath"/>
    <taskdef name="instrumentIdeaExtensions" classname="com.intellij.ant.InstrumentIdeaExtensions" classpathref="javac2.classpath"/>
  </target>
  
  <!-- Modules -->
  
  <import file="${basedir}/module_jakubiak-red5-flash-publisher.xml"/>
  
  <target name="init" description="Build initialization">
    <!-- Perform any build initialization in this target -->
  </target>
  
  <target name="clean" depends="clean.module.jakubiak-red5-flash-publisher" description="cleanup all"/>
  
  <target name="build.modules" depends="init, clean, compile.module.jakubiak-red5-flash-publisher" description="build all modules"/>
  
  <target name="all" depends="build.modules" description="build all"/>
</project>